# The body-aware failure-shape fixture. Graded with `classify_with_body`, unlike
# `regression-set.csv` beside it, which is graded from metadata alone and is left untouched.
#
# WHAT A GREEN RUN MEANS: no known failure shape regressed. Nothing more. The same agent wrote
# these rows and the rules that grade them, so the agreement rate here is NOT accuracy and must
# never be quoted as one. Three labels were corrected on 2026-09-22 after reading the output;
# the `why` column says which, and why the correction was a mislabelling rather than tuning.
# The real measurement is `labelsets/sealed-2026-09.csv`, which only the owner can label.
#
# EVERY ROW CITES ITS ORIGIN in `why` — a dated live message, paraphrased, or a numbered defect
# from the 2026-09-22 pass. "Seemed plausible" is not admissible; a row that cannot cite its
# origin is deleted rather than argued about. No real subject line is committed here.
#
# Deleting a row to make this green is itself a regression: `labelset gate` compares row counts.
gmail_message_id,from,subject,snippet,body,label,why
str-001,Assessments <no-reply@examplecorp.com>,Invitation for assessments,Complete Example Corp assessments. Dear thanks again for your interest.,"We would like to invite you to complete the assessments. Please complete the assessment by next Friday. The full assessment takes about an hour. A note on assessment integrity: our assessments are designed to evaluate your own skills, so please do not seek outside help.",oa,live 2026-09-11: an integrity notice at the foot of a real invitation vetoed the whole OA branch (defect D3)
str-002,Campus Team <events@examplecorp.com>,Autumn information session,Come and meet the team.,Come along to our info session to learn about our assessments and what we look for in candidates. Bring your laptop.,outreach,"the case ASSESSMENT_IS_DESCRIBED was written for; must not be oa. Outreach, not disregarded: it is a real employer writing to an applicant, and the live mail of this shape is stored outreach"
str-003,CodeSignal <no-reply@codesignal.com>,Verify your CodeSignal account,Confirm your email address.,Click below to confirm your email address and finish setting up your account.,outreach,live 2026-09-13: stored oa at 0.8 on the bare marker codesignal (defect D4)
str-004,CodeSignal <no-reply@codesignal.com>,Assessment completed: Example Corp,Assessment completed. Hi you have completed the assessment.,You have completed the Example Corp assessment on September 12th. Your results have been sent to the hiring team.,oa,"live 2026-09-13: disregarded, because the word codesignal never appeared in its text (defect D5)"
str-005,Example Corp Careers <donotreply@careers.examplecorp.com>,Welcome to Example Corp Careers,Your profile is ready.,Your profile is set up. You can now apply for openings and follow the recruiting process from your action center.,outreach,live 2026-09-02: a machine at a real employer had no path through the outreach gate at all (defect D5)
str-006,Example Corp <no-reply@accounts.examplecorp.com>,Security alert,A new sign-in on a Windows device.,"A new sign-in on a Windows device. If this was you, no action is needed. Otherwise secure your account.",disregarded,the mandatory negative for str-005: a corpus company alone must not make account mail job mail
str-007,Dana Whitfield <dwhitfield@examplecorp.com>,Example Corp Week at CMU,Hi I wanted to reach out since you are at the application stage.,Hi I wanted to reach out since you are at the application stage with us. Our team is on campus next week. You can rsvp for any of the sessions at the link below.,outreach,live 2026-08-30: a named recruiter disregarded on the word rsvp in her own footer (defect D6)
str-008,Campus Events <events@connect.examplecorp.com>,Thanks for RSVPing to Example Corp Week,We have your response.,We have your response. See you there. Add it to your calendar below.,disregarded,the mandatory negative for str-007: an event word in the SUBJECT is still the event
str-009,Events <hello@somewhere.org>,Join our information session,Doors open at six.,Secure your spot at our upcoming session. Doors open at six and the talk starts at half past.,disregarded,live 2026-09-11: the corpus name Secure matched Secure your spot and set the category (defect D7)
str-010,Example Corp <careers@examplecorp.com>,Thank you for your application!,Thank you for your application!,Thank you for your application to Example Corp. After careful consideration we have decided not to move forward with your application at this time. We wish you the best in your search.,rejection,live 2026-09-02: nine Microsoft rejections whose subject is a confirmation and whose refusal is only in the body (defect D1/D2)
str-011,Example Corp <events@examplecorp.com>,Information session,Our autumn session.,"We would like to invite you to our autumn information session. Filler sentence for distance. Filler sentence for distance. Filler sentence for distance. Filler sentence for distance. Filler sentence for distance. Filler sentence for distance. Filler sentence for distance. Filler sentence for distance. Filler sentence for distance. Filler sentence for distance. Filler sentence for distance. Filler sentence for distance. Separately, here is some general reading about what an assessment involves.",outreach,defect D8: ASSESSMENT_PAIRS was unbounded across a 4000-character body. Must not be oa; outreach is what employer event mail is
str-012,Careers <no-reply@examplecorp.com>,Preparing for your application,What to expect.,Prepare for your application process with us. Filler sentence for distance. Filler sentence for distance. Filler sentence for distance. Filler sentence for distance. Filler sentence for distance. Filler sentence for distance. Filler sentence for distance. Filler sentence for distance. Filler sentence for distance. Filler sentence for distance. Filler sentence for distance. Filler sentence for distance. Separately: once a referral has been received it is reviewed within about a week.,outreach,"live 2026-09-09: stored confirmation on the pair application + has been received, two unrelated phrases (defect D8). Must not be confirmation"
str-013,Example Corp <people@examplecorp.com>,Next steps,We would like to speak with you.,Thank you for completing the assessment. We would like to invite you to interview with two members of the team next week. Please use the link to select a slot.,interview,"the corpus holds ZERO interview mail, so this category has only synthetic coverage; see the write-up"
str-014,Example Corp <people@examplecorp.com>,Your offer,We are delighted.,We are pleased to offer you a software engineering internship for summer 2027. Your offer letter is attached and we would love to have you join us.,offer,the corpus holds ZERO offer mail; the OFFER list had no test asserting Category::Offer at all
str-015,Jobs Weekly <digest@jobboard.example>,New jobs for you this week,Roles picked for you.,"New jobs for you this week, including openings at Example Corp and others. Unsubscribe from job alerts at any time.",disregarded,the relevance gate's core case: a digest that names a corpus company is still a digest
